{"stats":{"minecraft:picked_up":{"minecraft:mutton":2,"minecraft:white_wool":1},"minecraft:custom":{"minecraft:jump":35,"minecraft:time_since_rest":2777,"minecraft:damage_dealt":82,"minecraft:leave_game":2,"minecraft:play_time":2777,"minecraft:time_since_death":2777,"minecraft:walk_one_cm":6181,"minecraft:sneak_time":25,"minecraft:total_world_time":2777,"minecraft:mob_kills":1,"minecraft:fall_one_cm":627,"minecraft:fly_one_cm":18668},"minecraft:used":{"create:fluid_tank":9},"minecraft:killed":{"minecraft:sheep":1}},"DataVersion":3465}